{
  "DeepChord": {
    "stereo": 0.01290787939185003,
    "bass_share": -0.24502956908179205,
    "density": 0.1085609506990907,
    "drums_share": 0.41561318553473897,
    "pad_notes": -0.1680427775024329,
    "pad_sustain": 0.6704076047667032,
    "tempo": 0.20723700370900677,
    "bass_sustain": 0.48859088135075096,
    "pad_bright": -0.31399616287587817,
    "lead_share": -0.22067327300582126,
    "brightness": -0.6991771760370996,
    "energy_build": -0.06797682170694845,
    "other_share": -0.5575418917955238,
    "dynamics": 0.1294688269417124
  },
  "Venetian Snares": {
    "stereo": 0.7699889738275028,
    "bass_share": -0.3449790581600968,
    "density": 1.0743411551461914,
    "drums_share": -0.2666704765678841,
    "pad_notes": -0.4030743970005903,
    "pad_sustain": -1.250605391983846,
    "tempo": -0.7196775946985572,
    "bass_sustain": -1.5583206648669734,
    "pad_bright": 0.9364465709280241,
    "lead_share": 1.309493542871687,
    "brightness": 1.712816174375658,
    "energy_build": -0.29094791489754135,
    "other_share": 0.7955908587421744,
    "dynamics": 1.5592346811463997
  },
  "SCSI-9": {
    "stereo": -0.7616101749240208,
    "bass_share": 0.5924859392219995,
    "density": -0.5538898801069219,
    "drums_share": -0.5306087298260493,
    "pad_notes": 0.4440388157191062,
    "pad_sustain": 0.07568164468577206,
    "tempo": -0.1242026486875549,
    "bass_sustain": 0.14503293225620106,
    "pad_bright": -0.2082994479369715,
    "lead_share": -0.21882932890665344,
    "brightness": -0.08337887901445877,
    "energy_build": 0.03984098189048903,
    "other_share": 0.17403825875106235,
    "dynamics": -0.933858181334085
  },
  "_norm": {
    "mu": {
      "tempo": 119.85000000000002,
      "dynamics": 12.178571428571429,
      "stereo": 0.23628571428571427,
      "brightness": 2.1720872291788034,
      "density": 0.10121428571428571,
      "energy_build": -0.011107142857142862,
      "drums_share": 58.02226039119832,
      "bass_share": 33.47885083346337,
      "other_share": 4.690318662932301,
      "lead_share": 3.8085701124059947,
      "bass_sustain": 0.6275555555555555,
      "pad_sustain": 0.791185185185185,
      "pad_notes": 4.386725298772737,
      "pad_bright": 2.704121097365097
    },
    "sd": {
      "tempo": 19.904746382996912,
      "dynamics": 2.5470370941907525,
      "stereo": 0.08761721012566014,
      "brightness": 0.3560384052357915,
      "density": 0.043315583753637296,
      "energy_build": 0.20069866169489634,
      "drums_share": 21.015219863796673,
      "bass_share": 20.441265854550757,
      "other_share": 3.7611418871505338,
      "lead_share": 7.379660088524965,
      "bass_sustain": 0.24821948670530872,
      "pad_sustain": 0.21924196628501869,
      "pad_notes": 2.9811162514663208,
      "pad_bright": 0.20512557695450834
    }
  }
}